-- ═════════════════════════════════════════════════════════════════════════
-- RESEARCH PAPER MANAGEMENT SYSTEM — Database Export (Schema + All Data)
-- ═════════════════════════════════════════════════════════════════════════
-- HOW TO SET UP ON A NEW PC:
--
-- Prerequisites:
--   1. Install MySQL 8.0 (the server must run on localhost:3306)
--   2. Make sure the MySQL service is running
--
-- Single command (runs everything below):
--
--     mysql -u root -p12345!! < database.sql
--
--   ⚠ Change -p12345!! to your MySQL root password if different.
--     If your password differs, also update the password in:
--       src\main\java\com\researchpapers\utill\ConnectionSingleton.java
--
-- What this file does:
--   • Creates the "research_papers" database (if it doesn't exist)
--   • Drops any existing tables (order: children first for FK safety)
--   • Creates all 6 tables with full schema (PKs, FKs, indexes)
--   • Inserts all seed/sample data (users, papers, collections, etc.)
--
-- After running this, build & run the Java app.
-- See AGENTS.md or the project README for build commands.
-- ═════════════════════════════════════════════════════════════════════════

CREATE DATABASE IF NOT EXISTS research_papers
    CHARACTER SET utf8mb4
    COLLATE utf8mb4_0900_ai_ci;

USE research_papers;

-- ═════════════════════════════════════════════════════════════════════════
-- Everything below is auto-generated by mysqldump
-- ═════════════════════════════════════════════════════════════════════════

-- MySQL dump 10.13  Distrib 8.0.43, for Win64 (x86_64)
--
-- Host: localhost    Database: research_papers
-- ------------------------------------------------------
-- Server version	8.0.43

/*!40101 SET @OLD_CHARACTER_SET_CLIENT=@@CHARACTER_SET_CLIENT */;
/*!40101 SET @OLD_CHARACTER_SET_RESULTS=@@CHARACTER_SET_RESULTS */;
/*!40101 SET @OLD_COLLATION_CONNECTION=@@COLLATION_CONNECTION */;
/*!50503 SET NAMES utf8mb4 */;
/*!40103 SET @OLD_TIME_ZONE=@@TIME_ZONE */;
/*!40103 SET TIME_ZONE='+00:00' */;
/*!40014 SET @OLD_UNIQUE_CHECKS=@@UNIQUE_CHECKS, UNIQUE_CHECKS=0 */;
/*!40014 SET @OLD_FOREIGN_KEY_CHECKS=@@FOREIGN_KEY_CHECKS, FOREIGN_KEY_CHECKS=0 */;
/*!40101 SET @OLD_SQL_MODE=@@SQL_MODE, SQL_MODE='NO_AUTO_VALUE_ON_ZERO' */;
/*!40111 SET @OLD_SQL_NOTES=@@SQL_NOTES, SQL_NOTES=0 */;

--
-- Table structure for table `collection_papers`
--

DROP TABLE IF EXISTS `collection_papers`;
/*!40101 SET @saved_cs_client     = @@character_set_client */;
/*!50503 SET character_set_client = utf8mb4 */;
CREATE TABLE `collection_papers` (
  `collection_id` int NOT NULL,
  `paper_id` int NOT NULL,
  PRIMARY KEY (`collection_id`,`paper_id`),
  KEY `paper_id` (`paper_id`),
  CONSTRAINT `collection_papers_ibfk_1` FOREIGN KEY (`collection_id`) REFERENCES `collections` (`id`) ON DELETE CASCADE,
  CONSTRAINT `collection_papers_ibfk_2` FOREIGN KEY (`paper_id`) REFERENCES `papers` (`id`) ON DELETE CASCADE
) ENGINE=InnoDB DEFAULT CHARSET=utf8mb4 COLLATE=utf8mb4_0900_ai_ci;
/*!40101 SET character_set_client = @saved_cs_client */;

--
-- Dumping data for table `collection_papers`
--

LOCK TABLES `collection_papers` WRITE;
/*!40000 ALTER TABLE `collection_papers` DISABLE KEYS */;
INSERT INTO `collection_papers` VALUES (1,2),(2,2),(3,2),(1,3),(2,4),(3,5),(2,6),(1,7),(3,7);
/*!40000 ALTER TABLE `collection_papers` ENABLE KEYS */;
UNLOCK TABLES;

--
-- Table structure for table `collections`
--

DROP TABLE IF EXISTS `collections`;
/*!40101 SET @saved_cs_client     = @@character_set_client */;
/*!50503 SET character_set_client = utf8mb4 */;
CREATE TABLE `collections` (
  `id` int NOT NULL AUTO_INCREMENT,
  `name` varchar(200) NOT NULL,
  `description` text,
  `user_id` int NOT NULL,
  PRIMARY KEY (`id`),
  KEY `user_id` (`user_id`),
  CONSTRAINT `collections_ibfk_1` FOREIGN KEY (`user_id`) REFERENCES `users` (`id`)
) ENGINE=InnoDB AUTO_INCREMENT=4 DEFAULT CHARSET=utf8mb4 COLLATE=utf8mb4_0900_ai_ci;
/*!40101 SET character_set_client = @saved_cs_client */;

--
-- Dumping data for table `collections`
--

LOCK TABLES `collections` WRITE;
/*!40000 ALTER TABLE `collections` DISABLE KEYS */;
INSERT INTO `collections` VALUES (1,'Machine Learning','Papers about ML and AI',1),(2,'Computer Science','General CS papers',1),(3,'Favorites','My favorite papers',1);
/*!40000 ALTER TABLE `collections` ENABLE KEYS */;
UNLOCK TABLES;

--
-- Table structure for table `notes`
--

DROP TABLE IF EXISTS `notes`;
/*!40101 SET @saved_cs_client     = @@character_set_client */;
/*!50503 SET character_set_client = utf8mb4 */;
CREATE TABLE `notes` (
  `id` int NOT NULL AUTO_INCREMENT,
  `paper_id` int NOT NULL,
  `user_id` int NOT NULL,
  `content` text NOT NULL,
  `created_at` datetime DEFAULT CURRENT_TIMESTAMP,
  `updated_at` datetime DEFAULT CURRENT_TIMESTAMP ON UPDATE CURRENT_TIMESTAMP,
  PRIMARY KEY (`id`),
  KEY `paper_id` (`paper_id`),
  KEY `user_id` (`user_id`),
  CONSTRAINT `notes_ibfk_1` FOREIGN KEY (`paper_id`) REFERENCES `papers` (`id`) ON DELETE CASCADE,
  CONSTRAINT `notes_ibfk_2` FOREIGN KEY (`user_id`) REFERENCES `users` (`id`)
) ENGINE=InnoDB AUTO_INCREMENT=4 DEFAULT CHARSET=utf8mb4 COLLATE=utf8mb4_0900_ai_ci;
/*!40101 SET character_set_client = @saved_cs_client */;

--
-- Dumping data for table `notes`
--

LOCK TABLES `notes` WRITE;
/*!40000 ALTER TABLE `notes` DISABLE KEYS */;
INSERT INTO `notes` VALUES (1,1,1,'Important reference for my research on NLP methods.','2026-07-07 00:56:34','2026-07-07 00:56:34'),(2,2,1,'Need to follow up on quantum gates section.','2026-07-07 00:56:34','2026-07-07 00:56:34'),(3,3,1,'Good overview of RL algorithms.','2026-07-07 00:56:34','2026-07-07 00:56:34');
/*!40000 ALTER TABLE `notes` ENABLE KEYS */;
UNLOCK TABLES;

--
-- Table structure for table `papers`
--

DROP TABLE IF EXISTS `papers`;
/*!40101 SET @saved_cs_client     = @@character_set_client */;
/*!50503 SET character_set_client = utf8mb4 */;
CREATE TABLE `papers` (
  `id` int NOT NULL AUTO_INCREMENT,
  `title` varchar(500) NOT NULL,
  `authors` varchar(500) DEFAULT NULL,
  `abstract_text` text,
  `publication_venue` varchar(200) DEFAULT NULL,
  `publication_year` int DEFAULT NULL,
  `doi` varchar(200) DEFAULT NULL,
  `file_path` varchar(500) DEFAULT NULL,
  `user_id` int NOT NULL,
  `category` varchar(50) DEFAULT 'General',
  `rating` int DEFAULT '0',
  PRIMARY KEY (`id`),
  KEY `user_id` (`user_id`),
  CONSTRAINT `papers_ibfk_1` FOREIGN KEY (`user_id`) REFERENCES `users` (`id`)
) ENGINE=InnoDB AUTO_INCREMENT=8 DEFAULT CHARSET=utf8mb4 COLLATE=utf8mb4_0900_ai_ci;
/*!40101 SET character_set_client = @saved_cs_client */;

--
-- Dumping data for table `papers`
--

LOCK TABLES `papers` WRITE;
/*!40000 ALTER TABLE `papers` DISABLE KEYS */;
INSERT INTO `papers` VALUES (1,'Deep Learning for Natural Language Processing','Johnson, M., Smith, K.','This paper presents a comprehensive survey of deep learning techniques applied to NLP tasks including text classification, named entity recognition, and machine translation.','Journal of Artificial Intelligence Research',2024,'10.1234/jair.2024.001',NULL,1,'AI/ML',4),(2,'Quantum Computing: A Survey','Patel, R., Chen, L., Williams, T.','A thorough survey of quantum computing paradigms, algorithms, and their potential applications in cryptography and optimization.','ACM Computing Surveys',2023,'10.1234/csur.2023.002',NULL,1,'Quantum',5),(3,'Advances in Reinforcement Learning','Zhang, Y., Kumar, A., Brown, S.','Recent advances in deep reinforcement learning algorithms including PPO, SAC, and model-based approaches with real-world applications.','Neural Information Processing Systems',2024,'10.1234/nips.2024.003',NULL,1,'AI/ML',3),(4,'Blockchain Technology in Healthcare','Lee, J., Garcia, M., Thompson, D.','Exploring blockchain applications for secure health data management, interoperability, and patient privacy.','IEEE Journal of Biomedical and Health Informatics',2023,'10.1234/jbhi.2024.004',NULL,1,'Healthcare',4),(5,'Sustainable Energy Systems','Anderson, P., Wilson, E., Davis, R.','Analysis of renewable energy integration strategies and smart grid technologies for sustainable power systems.','Renewable and Sustainable Energy Reviews',2024,'10.1234/rser.2024.005',NULL,1,'General',3),(6,'Cybersecurity Trends and Challenges','Martinez, A., Taylor, J., White, P.','A comprehensive review of emerging cybersecurity threats, defense mechanisms, and future research directions.','Computers and Security',2023,'10.1234/cose.2023.006',NULL,1,'Blockchain',5),(7,'Machine Learning in Drug Discovery','Kim, S., Liu, X., Wang, H.','Application of machine learning models for virtual screening, molecular docking, and drug repurposing.','Nature Computational Science',2024,'10.1234/ncs.2024.007',NULL,1,'AI/ML',2);
/*!40000 ALTER TABLE `papers` ENABLE KEYS */;
UNLOCK TABLES;

--
-- Table structure for table `reading_progress`
--

DROP TABLE IF EXISTS `reading_progress`;
/*!40101 SET @saved_cs_client     = @@character_set_client */;
/*!50503 SET character_set_client = utf8mb4 */;
CREATE TABLE `reading_progress` (
  `id` int NOT NULL AUTO_INCREMENT,
  `paper_id` int NOT NULL,
  `user_id` int NOT NULL,
  `status` varchar(20) DEFAULT 'Not Started',
  `current_page` int DEFAULT '0',
  `total_pages` int DEFAULT '0',
  `last_read_at` datetime DEFAULT CURRENT_TIMESTAMP,
  PRIMARY KEY (`id`),
  KEY `paper_id` (`paper_id`),
  KEY `user_id` (`user_id`),
  CONSTRAINT `reading_progress_ibfk_1` FOREIGN KEY (`paper_id`) REFERENCES `papers` (`id`) ON DELETE CASCADE,
  CONSTRAINT `reading_progress_ibfk_2` FOREIGN KEY (`user_id`) REFERENCES `users` (`id`)
) ENGINE=InnoDB AUTO_INCREMENT=8 DEFAULT CHARSET=utf8mb4 COLLATE=utf8mb4_0900_ai_ci;
/*!40101 SET character_set_client = @saved_cs_client */;

--
-- Dumping data for table `reading_progress`
--

LOCK TABLES `reading_progress` WRITE;
/*!40000 ALTER TABLE `reading_progress` DISABLE KEYS */;
INSERT INTO `reading_progress` VALUES (1,1,1,'Reading',45,120,'2026-07-07 00:56:34'),(2,2,1,'Completed',0,0,'2026-07-07 00:56:34'),(3,3,1,'Not Started',0,0,'2026-07-07 00:56:34'),(4,4,1,'Reading',30,85,'2026-07-07 00:56:34'),(5,5,1,'Completed',0,0,'2026-07-07 00:56:34'),(6,6,1,'Not Started',0,0,'2026-07-07 00:56:34'),(7,7,1,'Favorite',0,0,'2026-07-07 00:56:34');
/*!40000 ALTER TABLE `reading_progress` ENABLE KEYS */;
UNLOCK TABLES;

--
-- Table structure for table `users`
--

DROP TABLE IF EXISTS `users`;
/*!40101 SET @saved_cs_client     = @@character_set_client */;
/*!50503 SET character_set_client = utf8mb4 */;
CREATE TABLE `users` (
  `id` int NOT NULL AUTO_INCREMENT,
  `username` varchar(100) NOT NULL,
  `full_name` varchar(200) DEFAULT NULL,
  `email` varchar(100) NOT NULL,
  `password` varchar(100) NOT NULL,
  `role` varchar(20) NOT NULL DEFAULT 'USER',
  `status` varchar(20) DEFAULT 'Active',
  PRIMARY KEY (`id`),
  UNIQUE KEY `email` (`email`),
  UNIQUE KEY `username` (`username`)
) ENGINE=InnoDB AUTO_INCREMENT=3 DEFAULT CHARSET=utf8mb4 COLLATE=utf8mb4_0900_ai_ci;
/*!40101 SET character_set_client = @saved_cs_client */;

--
-- Dumping data for table `users`
--

LOCK TABLES `users` WRITE;
/*!40000 ALTER TABLE `users` DISABLE KEYS */;
INSERT INTO `users` VALUES (1,'doeuser','Doe User','111','111','USER','Active'),(2,'aaa','Admin User','aaa@gmail.com','111','ADMIN','Active');
/*!40000 ALTER TABLE `users` ENABLE KEYS */;
UNLOCK TABLES;
/*!40103 SET TIME_ZONE=@OLD_TIME_ZONE */;

/*!40101 SET SQL_MODE=@OLD_SQL_MODE */;
/*!40014 SET FOREIGN_KEY_CHECKS=@OLD_FOREIGN_KEY_CHECKS */;
/*!40014 SET UNIQUE_CHECKS=@OLD_UNIQUE_CHECKS */;
/*!40101 SET CHARACTER_SET_CLIENT=@OLD_CHARACTER_SET_CLIENT */;
/*!40101 SET CHARACTER_SET_RESULTS=@OLD_CHARACTER_SET_RESULTS */;
/*!40101 SET COLLATION_CONNECTION=@OLD_COLLATION_CONNECTION */;
/*!40111 SET SQL_NOTES=@OLD_SQL_NOTES */;

-- Dump completed on 2026-07-08  2:33:36
